City_ID,City,Lat,Lng,Max Temp,Humidity,Cloudiness,Wind Speed,Country,Date
0,palana,59.1167,159.9667,-19.93,93,68,3.45,RU,1675646295
1,butaritari,3.0707,172.7902,26.91,83,100,7.6,KI,1675646195
2,surt,31.2089,16.5887,13.59,54,90,8.04,LY,1675646301
3,albany,42.6001,-73.9662,4.94,58,100,2.11,US,1675645949
4,ushuaia,-54.8,-68.3,2.49,90,72,0.92,AR,1675646150
5,rikitea,-23.1203,-134.9692,26.19,75,3,6.27,PF,1675646199
6,lebu,-37.6167,-73.65,16.11,90,1,8.1,CL,1675646022
7,new norfolk,-42.7826,147.0587,22.18,52,50,2.68,AU,1675646191
8,punta arenas,-53.15,-70.9167,10.06,71,75,9.77,CL,1675646199
9,kysyl-syr,63.8986,122.7617,-46.66,100,88,1.65,RU,1675646308
10,kenai,60.5544,-151.2583,-2.14,76,100,12.35,US,1675646308
11,kaeo,-35.1,173.7833,19.52,93,100,2.41,NZ,1675646309
12,torbay,47.6666,-52.7314,-4.02,79,39,2.24,CA,1675646121
13,atuona,-9.8,-139.0333,25.98,74,19,7.84,PF,1675646104
14,lubao,14.9167,120.55,27.23,68,83,3.35,PH,1675646123
15,hovd,48.0056,91.6419,-16.25,76,88,1.03,MN,1675646124
16,bako,5.7833,36.5667,20.35,44,87,1.24,ET,1675646125
17,nantucket,41.2835,-70.0995,8.08,83,0,6.17,US,1675646126
18,lere,10.387,8.5726,22.86,20,100,2.58,NG,1675646128
19,ipu,-4.3222,-40.7108,22.93,89,82,1.9,BR,1675646126
20,mehamn,71.0357,27.8492,3.97,65,100,9.26,NO,1675646129
21,andover,51.2083,-1.4825,1.52,93,15,1.54,GB,1675645987
22,kodiak,57.79,-152.4072,2.73,93,100,3.6,US,1675646130
23,longyearbyen,78.2186,15.6401,-2.09,74,40,1.03,SJ,1675646130
24,callaway,30.153,-85.5699,17.19,82,100,2.06,US,1675646131
25,ploemeur,47.7333,-3.4333,6.01,90,0,4.63,FR,1675646131
26,hermanus,-34.4187,19.2345,21.56,87,25,5.4,ZA,1675646132
27,busselton,-33.65,115.3333,23.03,61,0,5.69,AU,1675646132
28,yellowknife,62.456,-114.3525,-20.25,76,100,5.36,CA,1675646133
29,provideniya,64.3833,-173.3,-13.94,72,100,8.05,RU,1675646133
30,bredasdorp,-34.5322,20.0403,20.13,90,44,4.71,ZA,1675646134
31,barrow,71.2906,-156.7887,-27.99,76,100,1.54,US,1675646134
32,victoria,22.2855,114.1577,19.62,87,84,1.34,HK,1675645905
33,ust-nera,64.5667,143.2,-35.43,100,100,0.24,RU,1675645848
34,tilichiki,60.4667,166.1,-25.42,94,14,3.44,RU,1675646135
35,nevsehir,38.9167,34.6667,-2.44,100,100,2.06,TR,1675646135
36,bac lieu,9.285,105.7244,25.82,78,11,7.31,VN,1675646136
37,itarema,-2.9248,-39.9167,25.01,87,86,3.98,BR,1675646130
38,bengkulu,-3.8004,102.2655,24.57,81,95,2.0,ID,1675646136
39,dawei,14.0833,98.2,24.03,84,8,0.99,MM,1675646137
40,henties bay,-22.116,14.2845,17.62,89,100,2.11,NA,1675646137
41,viransehir,37.2353,39.7631,5.64,99,100,2.33,TR,1675646138
42,poum,-20.2333,164.0167,28.96,79,100,7.86,NC,1675645943
43,taltal,-25.4,-70.4833,21.9,77,4,1.19,CL,1675646138
44,makokou,0.5738,12.8642,20.7,95,15,1.39,GA,1675646313
45,ancud,-41.8697,-73.8203,14.42,77,69,2.11,CL,1675646139
46,kuandian,40.7286,124.7847,-2.28,73,100,1.16,CN,1675646139
47,mataura,-46.1927,168.8643,16.85,69,98,4.9,NZ,1675646139
48,bandarbeyla,9.4942,50.8122,23.49,76,66,6.47,SO,1675646140
49,tanout,14.9709,8.8879,21.88,17,100,6.08,NE,1675646140
50,bathsheba,13.2167,-59.5167,25.07,76,91,9.79,BB,1675646140
51,banda aceh,5.5577,95.3222,25.78,80,90,2.41,ID,1675646113
52,bluff,-46.6,168.3333,15.18,80,99,10.84,NZ,1675646141
53,lacombe,52.4668,-113.7353,4.3,79,100,5.82,CA,1675646100
54,show low,34.2542,-110.0298,10.16,22,0,7.72,US,1675646141
55,hami,42.8,93.45,-1.97,42,84,1.65,CN,1675646141
56,shihezi,44.3,86.0333,-8.96,94,100,1.34,CN,1675646142
57,tuktoyaktuk,69.4541,-133.0374,-38.39,100,55,2.74,CA,1675646142
58,lompoc,34.6391,-120.4579,13.8,80,0,6.69,US,1675645918
59,redcliffe,-27.2307,153.0973,32.46,53,20,5.66,AU,1675646143
60,kapaa,22.0752,-159.319,26.99,83,100,4.12,US,1675646143
61,toora-khem,52.4675,96.11,-20.56,100,93,0.25,RU,1675646143
62,iquitos,-3.7481,-73.2472,24.02,88,100,0.51,PE,1675646143
63,avarua,-21.2078,-159.775,25.03,88,75,6.17,CK,1675646023
64,pascagoula,30.3658,-88.5561,14.29,88,0,1.64,US,1675646144
65,katherine,-14.4667,132.2667,30.18,51,94,2.06,AU,1675646144
66,port alfred,-33.5906,26.891,22.88,94,78,4.71,ZA,1675646031
67,rohru,31.2167,77.75,3.73,55,1,2.02,IN,1675646145
68,tarakan,3.3,117.6333,26.06,83,22,2.01,ID,1675646145
69,nanortalik,60.1432,-45.2371,-7.18,77,100,12.98,GL,1675646145
70,san cristobal,7.7669,-72.225,22.1,88,3,0.75,VE,1675646145
71,pangai,-19.8,-174.35,28.06,74,75,6.17,TO,1675646146
72,aklavik,68.2191,-135.0107,-39.72,100,28,0.74,CA,1675645847
73,lawrenceburg,38.0373,-84.8966,8.73,65,0,3.09,US,1675646146
74,acari,-15.4311,-74.6158,24.37,81,68,1.53,PE,1675646146
75,moose factory,51.2585,-80.6094,-29.98,100,41,0.84,CA,1675646147
76,vardo,70.3705,31.1107,-4.01,93,100,3.6,NO,1675646046
77,luderitz,-26.6481,15.1594,16.48,94,92,3.02,NA,1675645976
78,leningradskiy,69.3833,178.4167,-29.33,98,100,2.03,RU,1675646148
79,esperance,-33.8667,121.9,25.14,45,79,8.74,AU,1675646148
80,praia,14.9215,-23.5087,20.3,64,75,9.26,CV,1675646149
81,chicama,-7.8447,-79.1469,21.3,72,15,2.27,PE,1675646149
82,kahului,20.8947,-156.47,27.01,72,20,9.77,US,1675646013
83,labuan,5.2767,115.2417,26.27,82,10,2.66,MY,1675646149
84,ribeira grande,38.5167,-28.7,16.54,91,100,6.71,PT,1675645952
85,katsuura,35.1333,140.3,9.9,67,9,2.46,JP,1675646150
86,iwaki,37.05,140.8833,11.68,42,35,1.81,JP,1675646150
87,vila velha,-20.3297,-40.2925,27.19,84,0,5.66,BR,1675645961
88,college,64.8569,-147.8028,-13.84,81,40,2.57,US,1675646150
89,exu,-7.5119,-39.7242,24.18,58,100,1.99,BR,1675646151
90,cherskiy,68.75,161.3,-38.98,99,98,2.15,RU,1675646151
91,upernavik,72.7868,-56.1549,-25.15,94,100,3.04,GL,1675646062
92,georgetown,5.4112,100.3354,25.96,89,20,0.51,MY,1675645853
93,labuhan,-6.8844,112.2051,26.43,81,100,1.58,ID,1675646152
94,arraial do cabo,-22.9661,-42.0278,24.28,91,94,3.45,BR,1675646152
95,elizabeth city,36.2946,-76.2511,10.03,94,100,0.0,US,1675646056
96,pisco,-13.7,-76.2167,24.03,83,0,5.14,PE,1675646144
97,kargopol,61.5071,38.9456,-17.17,100,99,2.28,RU,1675646152
98,geraldton,-28.7667,114.6,24.23,69,100,6.69,AU,1675646153
99,mar del plata,-38.0023,-57.5575,25.46,51,100,5.63,AR,1675646043
100,areosa,41.7178,-8.8571,9.61,64,0,2.83,PT,1675646153
101,namibe,-15.1961,12.1522,21.48,80,100,2.68,AO,1675646154
102,chokurdakh,70.6333,147.9167,-41.07,100,95,0.43,RU,1675646155
103,korla,41.7597,86.1469,-2.93,69,88,1.28,CN,1675646155
104,qaanaaq,77.484,-69.3632,-18.74,52,95,1.14,GL,1675646156
105,chuy,-33.6971,-53.4616,18.95,81,0,2.26,UY,1675645856
106,preobrazheniye,42.9019,133.9064,-3.13,55,6,1.42,RU,1675646156
107,filadelfia,39.9523,-75.1638,7.27,58,0,0.0,US,1675645943
108,zeya,53.75,127.2667,-23.52,98,100,0.87,RU,1675646156
109,caldwell,43.6629,-116.6874,9.34,40,100,5.66,US,1675646134
110,fez,34.0372,-4.9998,4.14,70,0,4.12,MA,1675646157
111,dunedin,-45.8742,170.5036,21.56,57,69,4.02,NZ,1675646157
112,surab,28.4914,66.2585,5.1,63,0,4.51,PK,1675646157
113,nemuro,43.3236,145.575,-2.79,74,100,1.71,JP,1675646049
114,ngunguru,-35.6167,174.5,20.72,85,99,4.15,NZ,1675646158
115,tasiilaq,65.6145,-37.6368,-3.91,95,100,2.03,GL,1675646016
116,cabo san lucas,22.8909,-109.9124,26.17,33,0,5.14,MX,1675645918
117,sarakhs,36.5449,61.1577,4.8,85,0,0.72,IR,1675646158
118,norman wells,65.282,-126.8329,-29.89,100,72,0.63,CA,1675646159
119,carnarvon,-24.8667,113.6333,26.87,62,0,7.38,AU,1675646159
120,sioux lookout,50.1001,-91.917,-17.71,98,97,1.47,CA,1675646159
121,lebedinyy,58.5167,125.5167,-33.0,98,100,1.51,RU,1675646160
122,bethel,41.3712,-73.414,4.93,68,0,0.0,US,1675645939
123,conde,-7.2597,-34.9075,25.47,81,11,3.7,BR,1675646160
124,nicoya,10.1483,-85.452,25.29,61,7,6.35,CR,1675646161
125,saint-philippe,-21.3585,55.7679,24.77,85,100,4.65,RE,1675646161
126,san quintin,30.4833,-115.95,15.29,81,91,10.8,MX,1675645999
127,puerto ayora,-0.7393,-90.3518,26.42,93,37,2.68,EC,1675646161
128,saint-augustin,51.226,-58.6502,-15.43,96,100,1.43,CA,1675646162
129,faanui,-16.4833,-151.75,27.73,73,8,6.61,PF,1675646065
130,thompson,55.7435,-97.8558,-14.64,96,100,2.73,CA,1675645948
131,arlit,18.7369,7.3853,21.29,15,49,3.5,NE,1675646166
132,werda,-25.2667,23.2833,22.6,67,85,3.93,BW,1675646167
133,yamethin,20.4333,96.15,18.14,30,12,2.2,MM,1675646169
134,vilyuysk,63.7553,121.6247,-47.07,99,81,1.82,RU,1675646170
135,vaini,-21.2,-175.2,27.41,70,97,4.79,TO,1675646172
136,jamestown,42.097,-79.2353,4.84,70,100,5.14,US,1675646060
137,husavik,66.0449,-17.3389,6.64,67,100,14.75,IS,1675646174
138,touros,-5.1989,-35.4608,26.62,76,8,5.07,BR,1675645990
139,xihe,31.6864,113.4659,9.1,74,72,0.54,CN,1675646176
140,wilmington,34.2257,-77.9447,11.11,91,100,3.6,US,1675646117
141,chongwe,-15.3292,28.682,17.18,98,94,1.58,ZM,1675646179
142,shimoda,34.6667,138.95,10.06,42,100,3.76,JP,1675646182
143,chimbote,-9.0853,-78.5783,22.12,80,80,2.19,PE,1675646147
144,severo-kurilsk,50.6789,156.125,-2.83,73,100,4.28,RU,1675646185
145,agadir,30.4202,-9.5982,9.25,53,74,2.49,MA,1675646186
146,araquari,-26.3703,-48.7211,23.96,94,0,0.0,BR,1675646189
147,tukums,56.9669,23.1553,-2.36,93,100,4.13,LV,1675645946
148,hualmay,-11.0964,-77.6139,22.81,80,67,3.26,PE,1675646190
149,cape town,-33.9258,18.4232,22.17,77,0,4.92,ZA,1675646190
150,lujiang,31.2581,117.2817,8.79,77,100,1.59,CN,1675646190
151,lavrentiya,65.5833,-171.0,-19.51,88,100,4.14,RU,1675646192
152,makakilo city,21.3469,-158.0858,27.18,63,20,6.69,US,1675645980
153,zaplavnoye,48.7048,45.0229,-6.67,95,100,3.21,RU,1675646192
154,portland,45.5234,-122.6762,10.32,88,75,4.12,US,1675645848
155,fleetwood,53.9253,-3.0109,2.81,73,13,2.92,GB,1675646192
156,huarmey,-10.0681,-78.1522,22.78,79,77,2.66,PE,1675646193
157,otradnoye,59.7775,30.8181,-2.97,94,100,3.18,RU,1675646193
158,kathmandu,27.7167,85.3167,8.8,83,20,1.03,NP,1675645743
159,ornskoldsvik,63.2909,18.7153,-0.47,80,85,5.66,SE,1675646194
160,marsh harbour,26.5412,-77.0636,23.52,82,95,8.1,BS,1675646194
161,senanga,-16.1167,23.2667,19.23,97,100,4.08,ZM,1675646194
162,camacha,33.0833,-16.3333,13.68,67,20,4.63,PT,1675646195
163,east london,-33.0153,27.9116,23.36,85,82,5.82,ZA,1675646195
164,avera,33.194,-82.5271,10.73,88,0,3.26,US,1675646002
165,bairiki,1.3292,172.9752,31.0,66,20,8.23,KI,1675646196
166,ambulu,-8.345,113.6058,26.49,81,93,0.76,ID,1675646196
167,hasaki,35.7333,140.8333,10.16,70,3,3.04,JP,1675645978
168,upington,-28.4478,21.2561,21.21,88,0,1.54,ZA,1675646197
169,bambous virieux,-20.3428,57.7575,26.23,88,40,1.54,MU,1675646197
170,saskylakh,71.9167,114.0833,-41.73,100,94,1.72,RU,1675645982
171,axim,4.8699,-2.2405,26.62,88,62,4.38,GH,1675646198
172,kavieng,-2.5744,150.7967,28.84,70,58,1.89,PG,1675646198
173,sibolga,1.7427,98.7792,21.64,93,100,3.91,ID,1675646199
174,sikasso,10.9167,-7.0,25.28,17,52,2.65,ML,1675646200
175,llanes,43.4198,-4.7549,8.79,75,63,5.77,ES,1675646200
176,caiaponia,-16.9567,-51.8103,21.25,88,89,0.6,BR,1675646201
177,gravelbourg,49.8834,-106.5512,2.15,83,98,4.38,CA,1675646201
178,richards bay,-28.783,32.0377,22.89,87,68,1.8,ZA,1675646202
179,hofn,64.2539,-15.2082,7.89,95,100,16.51,IS,1675646041
180,anito,12.4497,125.2886,26.31,90,100,4.7,PH,1675646203
181,daru,-9.0763,143.2092,25.26,91,100,2.53,PG,1675646203
182,praya,14.9215,-23.5087,20.3,64,75,9.26,CV,1675646133
183,vila,42.0304,-8.1588,3.72,59,1,2.27,PT,1675646204
184,hobart,-42.8794,147.3294,22.37,52,40,9.26,AU,1675646204
185,qandala,11.472,49.8728,21.95,78,29,1.56,SO,1675646081
186,garchitorena,13.8804,123.6946,26.39,84,22,3.13,PH,1675646205
187,dikson,73.5069,80.5464,-18.81,97,100,1.04,RU,1675646011
188,bhag,29.0415,67.8239,18.56,32,0,3.7,PK,1675646205
189,castro,-24.7911,-50.0119,17.5,84,9,2.52,BR,1675646177
190,puerto gaitan,4.3133,-72.0816,29.03,48,59,5.9,CO,1675646206
191,karasjok,69.4719,25.5112,-6.31,89,10,4.65,NO,1675646206
192,masindi,1.6744,31.715,22.74,37,74,1.03,UG,1675646207
193,ust-kulom,61.6864,53.6902,-24.81,100,100,1.08,RU,1675646208
194,maningrida,-12.0667,134.2667,29.19,56,100,2.15,AU,1675646209
195,mackenzie,55.2999,-123.1698,2.12,55,40,1.54,CA,1675646209
196,tessalit,20.1986,1.0114,18.93,11,0,3.71,ML,1675646209
197,cantagalo,-21.9811,-42.3681,21.69,95,100,1.78,BR,1675646209
198,hosakote,14.2769,77.1699,19.9,63,100,1.37,IN,1675646210
199,bull savanna,17.8868,-77.5902,22.48,83,0,3.7,JM,1675646211
200,pumiao,22.75,108.4833,12.22,95,100,2.49,CN,1675646211
201,ballina,-28.8667,153.5667,29.45,64,75,3.51,AU,1675646125
202,lasa,46.6166,10.7002,-2.21,92,49,2.69,IT,1675646211
203,dedovichi,57.5517,29.9502,-5.51,95,100,4.72,RU,1675646212
204,cuiluan,47.72,128.648,-16.33,87,100,0.99,CN,1675646213
205,fort nelson,58.8053,-122.7002,-16.14,81,0,1.03,CA,1675646213
206,angoche,-16.2325,39.9086,24.62,88,97,2.62,MZ,1675646213
207,port elizabeth,-33.918,25.5701,23.94,94,75,5.66,ZA,1675646186
208,hilo,19.7297,-155.09,25.71,88,75,2.68,US,1675645975
209,trairi,-3.2778,-39.2689,25.42,85,100,2.84,BR,1675646073
210,marawi,7.9986,124.2928,24.7,66,45,1.03,PH,1675646215
211,grand gaube,-20.0064,57.6608,26.32,79,100,1.34,MU,1675646215
212,rio gallegos,-51.6226,-69.2181,13.03,71,40,6.17,AR,1675646216
213,hattiesburg,31.3271,-89.2903,12.16,81,0,0.0,US,1675646216
214,saldanha,-33.0117,17.9442,17.85,94,0,4.26,ZA,1675645954
215,carutapera,-1.195,-46.02,24.51,93,100,3.0,BR,1675646217
216,fare,-16.7,-151.0167,27.48,74,97,6.7,PF,1675646217
217,berlevag,70.8578,29.0864,4.0,81,100,11.83,NO,1675646218
218,camopi,3.1655,-52.3158,22.05,99,100,1.56,GF,1675646218
219,brazzaville,-4.2658,15.2832,23.76,86,100,0.73,CG,1675646219
220,la ronge,55.1001,-105.2842,-4.25,96,100,2.66,CA,1675646132
221,cidreira,-30.1811,-50.2056,23.0,81,100,3.93,BR,1675646206
222,snezhnogorsk,69.1933,33.2531,-12.12,95,100,5.91,RU,1675646219
223,mekhe,15.1097,-16.6218,17.88,56,33,5.6,SN,1675646220
224,galbshtadt,53.2264,78.9845,-11.37,96,100,2.6,RU,1675646220
225,brokopondo,4.75,-55.1667,23.64,89,100,4.91,SR,1675646221
226,rocha,-34.4833,-54.3333,17.39,88,0,1.96,UY,1675646136
227,bartlesville,36.7473,-95.9808,11.21,50,0,0.45,US,1675646223
228,vao,-22.6667,167.4833,26.22,84,33,7.03,NC,1675646224
229,saint-ambroise,48.5501,-71.3324,-11.35,97,100,1.14,CA,1675646225
230,meulaboh,4.1363,96.1285,24.49,86,100,2.85,ID,1675646226
231,gobindpur,22.6333,86.0667,12.71,35,0,0.68,IN,1675646227
232,kalmunai,7.4167,81.8167,24.28,88,100,3.66,LK,1675646228
233,kidal,18.4411,1.4078,22.01,12,3,2.4,ML,1675646228
234,wanning,18.8003,110.3967,23.42,83,100,1.07,CN,1675645980
235,nadym,65.5333,72.5167,-24.83,100,100,1.97,RU,1675646229
236,kawalu,-7.3817,108.2082,24.3,74,92,0.82,ID,1675646230
237,beaverlodge,55.2166,-119.4361,1.63,68,5,8.67,CA,1675646131
238,oriximina,-1.7656,-55.8661,23.49,94,37,1.36,BR,1675646231
239,saint-georges,12.0564,-61.7485,25.82,78,20,10.29,GD,1675646232
240,clyde river,70.4692,-68.5914,-29.87,69,0,3.6,CA,1675646234
241,hithadhoo,-0.6,73.0833,27.18,70,97,4.68,MV,1675646200
242,davila,18.4726,120.5763,26.99,69,72,1.57,PH,1675646234
243,mahebourg,-20.4081,57.7,26.25,88,40,1.54,MU,1675646235
244,bay roberts,47.5999,-53.2648,-3.3,81,78,2.24,CA,1675646237
245,soe,-9.8607,124.284,22.42,80,80,0.47,ID,1675646043
246,yolombo,6.5984,-75.0114,16.55,91,34,0.93,CO,1675645984
247,katobu,-4.9408,122.5276,27.81,76,100,2.51,ID,1675646239
248,constitucion,-35.3333,-72.4167,14.38,95,14,2.14,CL,1675646106
249,khandyga,62.6667,135.6,-35.04,98,99,0.03,RU,1675646046
250,ankang,32.68,109.0172,8.43,57,100,0.59,CN,1675646242
251,saint anthony,45.0205,-93.218,-3.22,71,0,2.06,US,1675646214
252,porto novo,6.4965,2.6036,26.38,87,100,3.19,BJ,1675646243
253,markova,48.6758,24.4138,-7.35,96,100,2.5,UA,1675645987
254,tiksi,71.6872,128.8694,-31.82,100,100,1.52,RU,1675646006
255,mpanda,-6.3655,31.0409,16.63,96,83,1.0,TZ,1675645987
256,staryy nadym,65.6118,72.6842,-24.94,100,100,1.77,RU,1675646246
257,mlandizi,-6.7,38.7333,23.26,93,100,1.3,TZ,1675646247
258,san patricio,28.017,-97.5169,20.1,85,0,4.27,US,1675646248
259,mount gambier,-37.8333,140.7667,19.8,53,19,2.98,AU,1675646228
260,arroyo,41.6096,-4.7969,3.95,82,0,7.72,ES,1675646249
261,bodden town,19.2833,-81.25,26.11,75,20,1.54,KY,1675645988
262,sao joao da barra,-21.6403,-41.0511,24.29,95,11,0.57,BR,1675646249
263,kiruna,67.8557,20.2251,-4.49,68,75,4.63,SE,1675646331
264,nikolskoye,59.7035,30.7861,-3.06,94,100,3.2,RU,1675646184
265,gorzow wielkopolski,52.7368,15.2288,-1.6,71,97,1.74,PL,1675646250
266,mayo,38.8876,-76.5119,11.23,73,0,5.14,US,1675646250
267,kavaratti,10.5669,72.642,26.6,75,13,2.88,IN,1675646218
268,yurino,56.2942,46.3039,-18.63,100,99,1.24,RU,1675645990
269,teguise,29.0605,-13.564,12.12,82,0,4.12,ES,1675646250
270,lata,40.1629,-8.3327,4.49,76,0,1.92,PT,1675646204
271,saint george,37.1041,-113.5841,8.33,63,100,7.72,US,1675646012
272,andenes,69.3143,16.1194,2.99,75,100,8.23,NO,1675646017
273,chelno-vershiny,54.4333,51.1,-10.1,97,100,1.21,RU,1675646251
274,jumla,29.2747,82.1838,2.1,49,0,1.85,NP,1675646252
275,barra do garcas,-15.89,-52.2567,23.11,89,94,0.74,BR,1675646252
276,olafsvik,64.8945,-23.7142,1.96,69,100,18.54,IS,1675646190
277,cape canaveral,28.4058,-80.6048,19.04,87,100,4.63,US,1675646025
278,ketchikan,55.3422,-131.6461,3.26,87,100,5.14,US,1675646252
279,ponta do sol,32.6667,-17.1,16.35,52,4,2.47,PT,1675646195
280,stephenville crossing,48.5,-58.4318,-2.93,93,75,6.17,CA,1675646253
281,rincon,32.296,-81.2354,12.98,88,0,2.06,US,1675646253
282,mattru,7.6244,-11.8332,23.95,81,100,1.06,SL,1675646254
283,vestmannaeyjar,63.4427,-20.2734,4.64,66,100,10.63,IS,1675646254
284,kloulklubed,7.0419,134.2556,27.28,77,100,9.48,PW,1675646254
285,bongandanga,1.5,21.05,23.15,40,65,1.76,CD,1675646255
286,dicabisagan,17.0818,122.4157,25.5,83,73,1.24,PH,1675645998
287,ilulissat,69.2167,-51.1,-16.99,78,100,10.8,GL,1675646183
288,bar harbor,44.3876,-68.2039,2.35,77,0,0.0,US,1675646256
289,gizo,-8.103,156.8419,25.96,89,100,6.58,SB,1675646257
290,vaitape,-16.5167,-151.75,27.75,73,8,6.61,PF,1675646000
291,coquimbo,-29.9533,-71.3436,18.85,82,0,2.57,CL,1675645825
292,nkayi,-4.1841,13.2884,22.53,97,100,2.11,CG,1675646257
293,santa cruz,-17.8,-63.1667,23.7,88,40,2.57,BO,1675645893
294,souillac,-20.5167,57.5167,25.21,88,40,1.54,MU,1675646258
295,mahalapye,-23.1041,26.8142,22.39,50,28,2.95,BW,1675646258
296,ko samui,9.5357,99.9357,27.95,78,20,2.06,TH,1675646260
297,salyan,39.5936,48.9805,5.43,88,100,2.52,AZ,1675646260
298,villa bruzual,9.3328,-69.1208,28.12,49,99,1.93,VE,1675646260
299,hai duong,20.9333,106.3167,20.0,91,100,4.35,VN,1675646260
300,vila do maio,15.1333,-23.2167,20.44,62,100,10.01,CV,1675646003
301,san andres,12.5847,-81.7006,26.01,83,40,8.23,CO,1675646261
302,bitung,1.4451,125.1824,29.47,77,99,4.01,ID,1675645987
303,ponta delgada,37.7333,-25.6667,15.4,77,75,4.63,PT,1675646261
304,prince rupert,54.3161,-130.3201,4.67,80,100,4.37,CA,1675646069
305,boca do acre,-8.7522,-67.3978,22.35,98,100,1.2,BR,1675646262
306,fort abbas,29.1925,72.8536,17.6,34,0,3.46,PK,1675646263
307,morondava,-20.2833,44.2833,24.46,87,100,3.09,MG,1675646263
308,solnechnyy,50.7214,136.6319,-17.94,93,89,1.05,RU,1675646263
309,ha giang,22.8333,104.9833,20.4,99,100,1.21,VN,1675646264
310,tuatapere,-46.1333,167.6833,16.29,80,95,4.52,NZ,1675646207
311,haines junction,60.7522,-137.5108,-10.03,79,100,0.51,CA,1675646264
312,dutlwe,-23.9833,23.9,22.62,58,18,3.51,BW,1675646265
313,cotonou,6.3654,2.4183,27.07,88,100,4.82,BJ,1675646266
314,hibbing,47.4272,-92.9377,-13.36,49,0,0.0,US,1675646266
315,faya,18.3851,42.4509,13.29,62,98,1.31,SA,1675646267
316,kilrush,52.6397,-9.4833,6.86,94,17,4.51,IE,1675646267
317,san vicente,-26.6167,-54.1333,19.17,51,100,0.69,AR,1675646002
318,nazare,-13.035,-39.0144,23.9,89,4,1.47,BR,1675646008
319,sogne,58.0833,7.8167,4.27,97,56,0.45,NO,1675646267
320,garissa,-0.4536,39.6401,23.38,74,0,4.1,KE,1675646268
321,ponte de sor,39.2496,-8.0101,5.32,75,0,2.78,PT,1675646268
322,bangolo,7.0069,-7.475,23.23,69,100,1.0,CI,1675646268
323,de-kastri,51.4667,140.7833,-15.64,85,100,2.35,RU,1675646269
324,shebunino,46.4339,141.8603,-5.55,66,100,4.41,RU,1675646011
325,margate,51.3813,1.3862,5.39,89,63,1.34,GB,1675646234
326,sola,-13.8833,167.55,27.25,79,100,6.35,VU,1675646269
327,simao,22.7886,100.9748,13.22,48,3,0.7,CN,1675646269
328,wagga wagga,-35.1167,147.3667,28.11,45,0,2.63,AU,1675646270
329,sembe,1.6481,14.5806,22.43,61,58,1.8,CG,1675646013
330,fiche,9.8,38.7333,8.16,44,10,1.27,ET,1675646270
331,cockburn town,21.4612,-71.1419,24.98,69,40,6.69,TC,1675646270
332,opuwo,-18.0607,13.84,18.89,51,100,1.89,NA,1675646015
333,ambovombe,-25.1667,46.0833,22.48,86,100,6.35,MG,1675646271
334,kato khorion,35.05,25.7833,7.42,72,51,16.09,GR,1675646016
335,noumea,-22.2763,166.4572,33.33,99,44,3.44,NC,1675646010
336,fortuna,40.5982,-124.1573,9.25,92,98,0.45,US,1675646103
337,santa maria,-29.6842,-53.8069,22.32,59,85,1.94,BR,1675646252
338,asyut,27.181,31.1837,10.88,53,0,3.29,EG,1675646016
339,verkhovye,52.8119,37.2425,-5.14,94,100,3.98,RU,1675646338
340,loa janan,-0.583,117.095,27.34,80,78,1.16,ID,1675646272
341,tougue,11.4667,-11.6,21.59,20,100,0.62,GN,1675646272
342,baculin,7.4525,126.5842,28.01,69,100,2.26,PH,1675646018
343,bara,10.3744,10.7288,24.04,21,96,3.92,NG,1675646271
344,mezen,65.8522,44.24,-19.43,98,22,2.83,RU,1675646272
345,almaznyy,48.0448,40.045,-3.92,95,100,4.92,RU,1675646273
346,comodoro rivadavia,-45.8667,-67.5,16.92,72,0,1.54,AR,1675646273
347,alice springs,-23.7,133.8833,28.75,16,2,6.17,AU,1675646270
348,lucea,18.451,-78.1736,26.92,76,0,2.23,JM,1675646274
349,muros,42.7762,-9.0603,7.13,78,1,3.49,ES,1675646274
350,rylsk,51.5655,34.6822,-5.57,96,93,3.55,RU,1675646340
351,amapa,1.0,-52.0,22.13,98,100,1.72,BR,1675646341
352,kyren,51.6828,102.1408,-17.67,91,61,0.45,RU,1675646341
353,codrington,-38.2667,141.9667,18.37,60,88,3.59,AU,1675646049
354,hutchinson,38.0608,-97.9298,8.91,48,0,2.06,US,1675646170
355,mitu,1.1983,-70.1733,21.8,94,87,0.68,CO,1675646346
356,guerrero negro,27.9769,-114.0611,16.1,77,96,8.43,MX,1675646319
357,sweetwater,25.7634,-80.3731,23.33,94,75,0.0,US,1675646268
358,asau,46.4333,26.4,-4.29,93,100,3.75,RO,1675646058
359,marrakesh,31.6315,-8.0083,11.04,46,20,3.09,MA,1675646351
360,likasi,-10.9814,26.7333,16.79,96,100,0.6,CD,1675646355
361,saint-michel-des-saints,46.6834,-73.9159,-3.92,98,100,0.75,CA,1675646138
362,mapastepec,15.4333,-92.9,24.59,67,0,0.86,MX,1675646357
363,necochea,-38.5473,-58.7368,23.48,46,96,3.39,AR,1675646358
364,ozinki,51.1786,49.6769,-15.12,95,99,1.98,RU,1675646363
365,puerto escondido,15.85,-97.0667,26.46,65,40,2.57,MX,1675646363
366,santa cruz cabralia,-16.2781,-39.0247,25.13,94,0,2.57,BR,1675646267
367,mount pleasant,32.7941,-79.8626,13.37,98,100,0.89,US,1675646145
368,narsaq,60.9167,-46.05,-9.88,74,74,5.77,GL,1675646201
369,san juan del sur,11.2529,-85.8705,26.55,59,20,11.19,NI,1675646366
370,nagato,34.3833,131.2,8.28,58,100,1.99,JP,1675646367
371,komsomolskiy,40.4272,71.7189,3.4,93,100,1.03,UZ,1675646201
372,mareeba,-17.0,145.4333,29.69,82,100,2.41,AU,1675646368
373,moree,-29.4667,149.85,30.59,39,100,4.08,AU,1675646369
374,smithers,54.7804,-127.1743,-0.89,93,100,1.64,CA,1675646128
375,kabwe,-14.4469,28.4464,16.42,98,97,1.95,ZM,1675646370
376,gerede,40.8008,32.1969,-5.07,97,100,2.79,TR,1675646371
377,batagay,67.6333,134.6333,-42.68,99,99,1.06,RU,1675646371
378,dobryanka,58.4619,56.4165,-17.12,100,100,1.5,RU,1675646372
379,tumaco,1.7986,-78.8156,24.8,90,100,2.94,CO,1675646372
380,yerbogachen,61.2767,108.0108,-35.2,100,100,1.21,RU,1675646372
381,lalibela,12.0333,39.0333,12.89,21,10,1.29,ET,1675646185
382,airai,-8.9266,125.4092,20.41,73,89,1.55,TL,1675646299
383,aquiraz,-3.9014,-38.3911,27.88,84,70,3.7,BR,1675646212
384,port hardy,50.6996,-127.4199,6.6,82,100,2.84,CA,1675646132
385,fujin,47.26,132.0322,-18.46,91,5,3.18,CN,1675646373
386,matagami,49.7502,-77.6328,-18.94,78,40,3.09,CA,1675646373
387,talas,38.6908,35.5538,-1.63,93,100,7.72,TR,1675646374
388,salaga,8.5508,-0.5188,29.59,37,100,1.4,GH,1675646374
389,wenling,28.3669,121.36,12.81,89,100,2.32,CN,1675646374
390,damara,4.9608,18.7035,24.38,21,6,1.31,CF,1675646374
391,mount isa,-20.7333,139.5,28.87,70,100,4.12,AU,1675646210
392,yulara,-25.2406,130.9889,28.69,13,0,5.65,AU,1675646269
393,sibu,2.3,111.8167,25.17,88,40,1.03,MY,1675646375
394,zhigansk,66.7697,123.3711,-41.85,97,100,0.5,RU,1675646312
395,qasigiannguit,68.8193,-51.1922,-16.86,98,100,5.01,GL,1675646375
396,puerto baquerizo moreno,-0.9,-89.6,26.11,77,34,3.44,EC,1675646365
397,zarinsk,53.7074,84.9493,-22.11,99,100,1.52,RU,1675646376
398,jennings,38.7192,-90.2604,11.01,52,20,3.09,US,1675646376
399,tahe,52.3333,124.7333,-21.43,91,30,1.37,CN,1675646376
400,moyeuvre-grande,49.2517,6.0475,5.7,81,73,0.45,FR,1675646377
401,marabba,12.35,32.1833,22.87,18,16,4.64,SD,1675646377
402,coruripe,-10.1256,-36.1756,25.92,82,9,4.75,BR,1675646378
403,numan,9.4667,12.0333,24.75,21,100,0.28,NG,1675646378
404,alugan,12.2188,125.4808,26.65,86,95,5.58,PH,1675646378
405,coahuayana,18.7333,-103.6833,23.24,75,0,1.67,MX,1675646074
406,verkhovazhye,60.7472,42.0465,-20.32,100,100,1.42,RU,1675646379
407,along,28.1667,94.7667,10.93,66,6,0.63,IN,1675646380
408,chitrakonda,18.1167,82.0833,14.8,65,8,1.19,IN,1675646380
409,chimoio,-19.1164,33.4833,17.93,83,0,1.07,MZ,1675646380
410,salalah,17.0151,54.0924,20.75,64,100,1.29,OM,1675645951
411,planaltina,-15.4528,-47.6142,19.13,89,100,0.23,BR,1675646381
412,vanimo,-2.6741,141.3028,26.16,86,100,0.54,PG,1675646307
413,kamenka,51.3223,42.7678,-12.79,97,89,2.11,RU,1675646381
414,sisimiut,66.9395,-53.6735,-18.39,93,100,2.53,GL,1675646193
415,tromso,69.6496,18.957,2.01,87,100,7.2,NO,1675646295
416,zyryanka,65.75,150.85,-32.52,98,100,0.65,RU,1675646077
417,akom,2.6678,12.7109,20.79,87,45,2.03,CM,1675646382
418,ahuimanu,21.4447,-157.8378,27.84,75,40,6.69,US,1675646382
419,iowa city,41.6611,-91.5302,0.16,83,0,0.89,US,1675646383
420,belawan,3.7755,98.6832,24.16,89,100,1.87,ID,1675646383
421,koumac,-20.5667,164.2833,32.34,60,100,0.74,NC,1675646384
422,grindavik,63.8424,-22.4338,3.26,56,40,13.38,IS,1675646211
423,iqaluit,63.7506,-68.5145,-27.95,68,100,4.02,CA,1675645960
424,biryusinsk,55.9634,97.8235,-25.39,100,100,1.5,RU,1675646385
425,toltestava,47.6261,17.7338,-5.97,73,0,2.06,HU,1675646385
426,uvira,-3.4067,29.1458,21.34,81,98,0.97,CD,1675646386
427,bhan,26.5583,67.7214,17.9,48,0,2.01,PK,1675646386
428,honiara,-9.4333,159.95,25.07,94,100,3.45,SB,1675646387
429,say,13.1007,2.3689,26.31,14,100,3.95,NE,1675646387
430,usinsk,65.9939,57.5281,-18.91,98,93,2.81,RU,1675646387
431,sitka,57.0531,-135.33,5.94,61,100,10.29,US,1675646238
432,belmonte,-15.8631,-38.8828,26.23,79,0,4.36,BR,1675646388
433,beidao,34.5686,105.8933,4.39,60,76,0.66,CN,1675646388
434,ugoofaaru,5.6667,73.0,26.65,76,100,1.11,MV,1675645953
435,novouzensk,50.4592,48.1431,-12.61,95,88,2.49,RU,1675646388
436,lagoa,39.05,-27.9833,15.01,84,100,4.44,PT,1675645984
437,buloh kasap,2.5536,102.764,22.59,99,100,1.29,MY,1675646389
438,vila franca do campo,37.7167,-25.4333,15.23,81,86,3.76,PT,1675646390
439,kushima,31.4583,131.2333,12.04,83,100,3.09,JP,1675646390
440,beyneu,45.3167,55.2,-0.87,82,23,2.91,KZ,1675646391
441,lundazi,-12.2929,33.1782,16.97,95,100,0.95,ZM,1675646391
442,tall kayf,37.0833,41.0667,7.19,93,100,5.76,TR,1675646392
443,adeje,28.1227,-16.726,14.49,51,20,3.6,ES,1675646392
444,baykit,61.67,96.37,-18.02,100,95,1.34,RU,1675646392
445,salinopolis,-0.6136,-47.3561,25.27,89,100,4.57,BR,1675646381
446,cabedelo,-6.9811,-34.8339,27.37,79,18,4.51,BR,1675646385
447,sao filipe,14.8961,-24.4956,20.86,62,24,6.9,CV,1675646010
448,chipinge,-20.1883,32.6236,16.4,74,0,0.81,ZW,1675646393
449,camana,-16.6228,-72.7111,25.0,76,100,1.12,PE,1675646394
450,lima,-12.0432,-77.0282,25.5,75,0,5.66,PE,1675646147
451,adamas,36.7333,24.4333,7.19,64,100,19.12,GR,1675646394
452,tucuman,-26.8241,-65.2226,23.21,65,48,1.69,AR,1675646089
453,quatre cocos,-20.2078,57.7625,26.16,83,100,4.34,MU,1675646297
454,odweyne,9.4092,45.064,16.64,25,21,1.91,SO,1675646395
455,sinjar,36.3209,41.8754,8.13,75,100,4.69,IQ,1675646395
456,coihaique,-45.5752,-72.0662,14.34,67,1,3.43,CL,1675646396
457,chapais,49.7834,-74.8492,-18.12,98,100,1.54,CA,1675646202
458,le mans,48.0,0.2,2.96,87,0,3.6,FR,1675646397
459,flinders,-34.5833,150.8552,28.99,66,0,2.68,AU,1675646254
460,altay,47.8667,88.1167,-7.89,69,100,2.57,CN,1675645961
461,arrecife,28.963,-13.5477,13.99,82,0,4.12,ES,1675646206
462,trzebnica,51.3108,17.0633,-3.71,89,100,1.34,PL,1675646397
463,cururupu,-1.8283,-44.8683,23.69,96,99,1.41,BR,1675646398
464,karratha,-20.7377,116.8463,34.22,41,2,0.6,AU,1675646398
465,naze,28.3667,129.4833,17.51,88,100,5.21,JP,1675646396
466,beloha,-25.1667,45.05,21.59,92,100,4.8,MG,1675646064
467,rafai,4.95,23.9167,21.14,24,13,1.28,CF,1675646399
468,vostok,46.4856,135.8833,-15.24,86,56,1.67,RU,1675646373
469,laguna,38.421,-121.4238,13.03,65,0,4.12,US,1675646117
470,dracena,-21.4843,-51.535,22.59,87,100,1.7,BR,1675646399
471,klaksvik,62.2266,-6.589,9.51,90,100,14.85,FO,1675645961
472,waterloo,43.4668,-80.5164,2.23,98,100,4.53,CA,1675646102
473,hammerfest,70.6634,23.6821,1.25,86,75,6.17,NO,1675646375
474,aripuana,-9.1667,-60.6333,22.87,97,100,0.79,BR,1675646400
475,lahat,-3.8,103.5333,24.65,66,86,0.41,ID,1675646401
476,gaogou,34.0175,119.1886,6.45,76,100,2.65,CN,1675646401
477,novyy nekouz,57.9029,38.07,-20.27,100,100,1.78,RU,1675646402
478,matara,5.9485,80.5353,23.93,92,100,2.01,LK,1675646419
479,togur,58.3631,82.8265,-21.41,100,100,0.84,RU,1675646420
480,la rioja,42.25,-2.5,0.88,90,100,2.7,ES,1675646422
481,fairbanks,64.8378,-147.7164,-13.84,81,0,2.57,US,1675646102
482,pangnirtung,66.1451,-65.7125,-37.69,95,95,2.1,CA,1675646392
483,riverton,40.5219,-111.9391,1.74,86,0,4.92,US,1675646258
484,sorkjosen,69.8,20.9333,3.0,70,75,4.12,NO,1675646425
485,okhotsk,59.3833,143.3,-24.41,77,100,5.37,RU,1675646131
486,loukhi,66.0764,33.0381,-12.86,96,100,1.37,RU,1675646426
487,havoysund,70.9963,24.6622,4.13,69,11,10.48,NO,1675646188
488,kutum,14.2,24.6667,17.53,14,98,2.53,SD,1675646427
489,beringovskiy,63.05,179.3167,-27.36,92,93,5.16,RU,1675646311
490,la spezia,44.1105,9.8434,7.34,49,52,1.34,IT,1675646430
491,cedar city,37.6775,-113.0619,-1.46,93,100,4.63,US,1675646430
492,baruun-urt,46.6806,113.2792,-19.6,91,16,2.09,MN,1675646431
493,kuldiga,56.974,21.9572,1.83,98,100,3.13,LV,1675646184
494,ternate,0.8,127.4,25.79,83,100,3.17,ID,1675646208
495,svetlogorsk,52.6333,29.7333,-6.38,94,97,3.04,BY,1675646431
496,senador jose porfirio,-2.5908,-51.9542,23.3,95,50,1.53,BR,1675646432
497,turka,49.1541,23.0297,-7.34,96,100,2.39,UA,1675646433
498,boyolangu,-8.1181,111.8935,26.73,73,100,1.24,ID,1675646433
499,neuquen,-38.9516,-68.0591,31.94,18,0,6.17,AR,1675646434
500,mgachi,51.05,142.2667,-15.68,92,100,1.75,RU,1675646434
501,nikki,9.9401,3.2108,27.14,16,100,1.58,BJ,1675646314
502,mackay,-21.15,149.2,29.27,79,77,5.28,AU,1675646435
503,gogrial,8.5332,28.1004,23.91,17,6,2.64,SS,1675646435
504,nabire,-3.3667,135.4833,27.88,77,100,1.32,ID,1675646323
505,aracaju,-10.9111,-37.0717,26.97,83,40,5.14,BR,1675646173
506,hambantota,6.1241,81.1185,23.95,85,100,5.77,LK,1675646233
507,namatanai,-3.6667,152.4333,29.41,65,45,2.15,PG,1675646393
508,oxapampa,-10.5775,-75.4017,15.07,98,100,0.42,PE,1675646436
509,maniitsoq,65.4167,-52.9,-14.5,83,100,6.23,GL,1675646268
510,linares,-35.85,-71.6,21.36,51,0,0.69,CL,1675646306
511,nelson bay,-32.7167,152.15,27.22,66,19,4.95,AU,1675646401
512,naryan-mar,67.6713,53.087,-18.84,99,36,3.51,RU,1675646437
513,ust-tsilma,65.441,52.1498,-25.53,100,100,1.19,RU,1675646224
514,luena,-11.7833,19.9167,16.44,94,100,3.02,AO,1675646437
515,west bay,19.3667,-81.4167,26.15,83,20,1.54,KY,1675646437
516,sao jose da coroa grande,-8.8978,-35.1478,25.87,84,29,2.64,BR,1675646438
517,mayya,61.7333,130.2811,-42.38,98,100,1.2,RU,1675646439
518,tukrah,32.5341,20.5791,10.56,61,100,11.0,LY,1675646439
519,tottori,35.5,134.2333,7.04,57,75,3.6,JP,1675646410
520,bartica,6.4,-58.6167,25.18,99,100,0.95,GY,1675646440
521,paita,-5.0892,-81.1144,23.77,83,17,3.92,PE,1675646219
522,ambilobe,-13.2,49.05,23.06,93,100,1.33,MG,1675646440
523,bam,29.106,58.357,9.54,40,0,0.91,IR,1675646440
524,dauphin,51.1494,-100.0502,-8.92,93,0,2.06,CA,1675646372
525,khandbari,27.3747,87.2039,10.68,66,7,1.27,NP,1675646441
526,wahiawa,21.5028,-158.0236,26.18,69,75,6.17,US,1675646441
527,kudahuvadhoo,2.6708,72.8944,26.54,78,100,1.97,MV,1675646441
528,tiarei,-17.5333,-149.3333,29.01,75,100,5.78,PF,1675646442
529,quincy,42.2529,-71.0023,5.53,72,100,4.63,US,1675646442
530,ola,59.5833,151.2833,-21.67,77,99,3.84,RU,1675646443
531,udala,43.0778,-2.5125,6.36,78,100,2.02,ES,1675646443
532,taoudenni,22.6783,-3.9836,15.81,24,100,4.47,ML,1675646056
533,grand-lahou,5.1367,-5.0242,26.52,87,84,4.28,CI,1675646444
534,alofi,-19.0595,-169.9187,23.94,94,100,8.75,NU,1675646196
535,aanekoski,62.6946,25.818,-2.86,100,89,2.94,FI,1675646444
536,dombarovskiy,50.7587,59.5386,-24.14,100,97,2.26,RU,1675646444
537,ferkessedougou,9.6,-5.2,25.66,19,4,1.33,CI,1675646445
538,nishihara,26.1842,127.7558,19.6,94,100,2.57,JP,1675646433
539,artyom,40.4723,50.333,4.08,88,100,4.69,AZ,1675646445
540,new port richey,28.2442,-82.7193,21.74,83,0,4.1,US,1675646446
541,port macquarie,-31.4333,152.9167,28.27,56,3,4.29,AU,1675646446
542,olinda,-8.0089,-34.8553,27.85,74,20,1.54,BR,1675646447
543,khatanga,71.9667,102.5,-36.84,100,48,2.94,RU,1675645961
544,pharr,26.1948,-98.1836,23.38,66,0,6.17,US,1675646219
545,srinagar,34.0833,74.8167,1.41,98,100,0.46,IN,1675646447
546,alma,48.5501,-71.6491,-11.06,97,100,1.27,CA,1675646050
547,ayan,56.45,138.1667,-21.21,74,67,2.96,RU,1675646272
548,flin flon,54.7682,-101.865,-4.71,98,100,3.74,CA,1675646448
549,boke,10.9409,-14.2967,21.23,77,90,0.67,GN,1675646449
550,rawson,-43.3002,-65.1023,17.37,66,100,9.46,AR,1675646221
551,nogales,31.3086,-110.9422,18.76,11,0,3.6,MX,1675646221
552,astana,51.1801,71.446,-18.03,85,40,4.0,KZ,1675646429
553,bonthe,7.5264,-12.505,24.39,86,99,1.97,SL,1675646377
554,vredendal,-31.6683,18.5012,17.45,91,43,1.09,ZA,1675646450
555,broome,42.2506,-75.833,5.37,62,100,4.63,US,1675646266
556,saint-francois,46.4154,3.9054,4.82,75,100,4.63,FR,1675646028
557,alice,27.7523,-98.0697,20.09,68,0,6.69,US,1675646451
558,goicea,43.9167,23.6167,-7.27,88,10,2.33,RO,1675646452
559,shaoyang,27.2315,111.4525,8.0,89,100,0.7,CN,1675646453
560,seoul,37.5683,126.9778,2.76,87,20,0.51,KR,1675646352
561,balakhta,55.38,91.6,-28.3,100,100,0.7,RU,1675646453
562,santa barbara,34.7333,-120.0343,12.05,72,0,7.2,US,1675646344
563,tudela,42.0617,-1.6045,7.5,67,87,10.16,ES,1675646454
564,botwood,49.1499,-55.3482,-6.17,86,98,4.84,CA,1675646455
565,jasper,37.2001,-94.3502,11.6,49,0,0.0,US,1675646455
566,sur,22.5667,59.5289,21.26,69,12,2.94,OM,1675646269
567,gongzhuling,43.5008,124.8198,-10.7,84,14,1.18,CN,1675646456
568,louis trichardt,-23.0439,29.9032,17.03,79,0,2.2,ZA,1675646457
569,kirakira,-10.4544,161.9205,25.99,92,100,9.51,SB,1675646446
570,bilibino,68.0546,166.4372,-35.58,100,100,0.54,RU,1675646376
571,tarko-sale,64.9225,77.785,-25.97,100,100,0.75,RU,1675646457
572,sao gabriel da cachoeira,-0.1303,-67.0892,22.63,99,100,0.46,BR,1675646457
573,xingcheng,40.6167,120.7167,-2.5,47,92,5.03,CN,1675646458
574,merke,42.8728,73.1786,-0.76,77,100,1.91,KZ,1675646459
575,dandong,40.1292,124.3947,-0.57,70,94,1.84,CN,1675646396
576,deputatskiy,69.3,139.9,-38.07,99,98,2.22,RU,1675646433
577,krasnovishersk,60.4078,57.082,-20.82,99,83,1.56,RU,1675646253
578,velesin,48.8295,14.4625,-7.62,92,67,1.23,CZ,1675646459
579,kaitangata,-46.2817,169.8464,18.62,60,59,6.94,NZ,1675646198
580,moberly,39.4184,-92.4382,8.01,49,0,0.0,US,1675646460
581,eyl,7.9803,49.8164,22.65,81,95,5.8,SO,1675646252
